Aruba,AA,ABW
Afghanistan,AF,AFG
Angola,AO,AGO
Anguilla,AV,AIA
Albania,AL,ALB
Andorra,AN,AND
United Arab Emirates,AE,ARE
Argentina,AR,ARG
Armenia,AM,ARM
American Samoa,AQ,ASM
Antarctica,AY,ATA
French Southern and Antarctic Lands,FS,ATF
Antigua and Barbuda,AC,ATG
Australia,AS,AUS
Austria,AU,AUT
Azerbaijan,AJ,AZE
Burundi,BY,BDI
Belgium,BE,BEL
Benin,BN,BEN
Burkina Faso,UV,BFA
Bangladesh,BG,BGD
Bulgaria,BU,BGR
Bahrain,BA,BHR
Bahamas,BF,BHS
Bosnia and Herzegovina,BK,BIH
Saint Barthelemy,TB,BLM
Belarus,BO,BLR
Belize,BH,BLZ
Bermuda,BD,BMU
Bolivia,BL,BOL
Brazil,BR,BRA
Barbados,BB,BRB
Brunei,BX,BRN
Bhutan,BT,BTN
Bouvet Island,BV,BVT
Botswana,BC,BWA
Central African Republic,CT,CAF
Canada,CA,CAN
Cocos (Keeling) Islands,CK,CCK
Switzerland,SZ,CHE
Chile,CI,CHL
China,CH,CHN
Cote d'Ivoire,IV,CIV
Cameroon,CM,CMR
Democratic Republic of the Congo,CG,COD
Republic of the Congo,CF,COG
Cook Islands,CW,COK
Colombia,CO,COL
Comoros,CN,COM
Cabo Verde,CV,CPV
Costa Rica,CS,CRI
Cuba,CU,CUB
Curacao,UC,CUW
Christmas Island,KT,CXR
Cayman Islands,CJ,CYM
Cyprus,CY,CYP
Czechia,EZ,CZE
Germany,GM,DEU
Djibouti,DJ,DJI
Dominica,DO,DMA
Denmark,DA,DNK
Dominican Republic,DR,DOM
Algeria,AG,DZA
Ecuador,EC,ECU
Egypt,EG,EGY
Eritrea,ER,ERI
Western Sahara,WI,ESH
Spain,SP,ESP
Estonia,EN,EST
Ethiopia,ET,ETH
Finland,FI,FIN
Fiji,FJ,FJI
Falkland Islands (Islas Malvinas),FK,FLK
France,FR,FRA
Faroe Islands,FO,FRO
Micronesiai,FM,FSM
Gabon,GB,GAB
United Kingdom,UK,GBR
Georgia,GG,GEO
Guernsey,GK,GGY
Ghana,GH,GHA
Gibraltar,GI,GIB
Guinea,GV,GIN
The Gambia,GA,GMB
Guinea-Bissau,PU,GNB
Equatorial Guinea,EK,GNQ
Greece,GR,GRC
Grenada,GJ,GRD
Greenland,GL,GRL
Guatemala,GT,GTM
Guam,GQ,GUM
Guyana,GY,GUY
Hong Kong,HK,HKG
Heard Island and McDonald Islands,HM,HMD
Honduras,HO,HND
Croatia,HR,HRV
Haiti,HA,HTI
Hungary,HU,HUN
Indonesia,ID,IDN
Isle of Man,IM,IMN
India,IN,IND
British Indian Ocean Territory,IO,IOT
Ireland,EI,IRL
Iran,IR,IRN
Iraq,IZ,IRQ
Iceland,IC,ISL
Israel,IS,ISR
Italy,IT,ITA
Jamaica,JM,JAM
Jersey,JE,JEY
Jordan,JO,JOR
Japan,JA,JPN
Kazakhstan,KZ,KAZ
Kenya,KE,KEN
Kyrgyzstan,KG,KGZ
Cambodia,CB,KHM
Kiribati,KR,KIR
Saint Kitts and Nevis,SC,KNA
South Korea,KS,KOR
Kuwait,KU,KWT
Laos,LA,LAO
Lebanon,LE,LBN
Liberia,LI,LBR
Libya,LY,LBY
Saint Lucia,ST,LCA
Liechtenstein,LS,LIE
Sri Lanka,CE,LKA
Lesotho,LT,LSO
Lithuania,LH,LTU
Luxembourg,LU,LUX
Latvia,LG,LVA
Macau,MC,MAC
Saint Martin,RN,MAF
Morocco,MO,MAR
Monaco,MN,MCO
Moldova,MD,MDA
Madagascar,MA,MDG
Maldives,MV,MDV
Mexico,MX,MEX
Marshall Islands,RM,MHL
North Macedonia,MK,MKD
Mali,ML,MLI
Malta,MT,MLT
Burma,BM,MMR
Montenegro,MJ,MNE
Mongolia,MG,MNG
Northern Mariana Islands,CQ,MNP
Mozambique,MZ,MOZ
Mauritania,MR,MRT
Montserrat,MH,MSR
Mauritius,MP,MUS
Malawi,MI,MWI
Malaysia,MY,MYS
Namibia,WA,NAM
New Caledonia,NC,NCL
Niger,NG,NER
Norfolk Island,NF,NFK
Nigeria,NI,NGA
Nicaragua,NU,NIC
Niue,NE,NIU
Netherlands,NL,NLD
Norway,NO,NOR
Nepal,NP,NPL
Nauru,NR,NRU
New Zealand,NZ,NZL
Oman,MU,OMN
Pakistan,PK,PAK
Panama,PM,PAN
Peru,PE,PER
Philippines,RP,PHL
Palau,PS,PLW
Papua New Guinea,PP,PNG
Poland,PL,POL
Puerto Rico,RQ,PRI
North Korea,KN,PRK
Portugal,PO,PRT
Paraguay,PA,PRY
Gaza Strip,GZ,PSE
West Bank,WE,PSE
French Polynesia,FP,PYF
Qatar,QA,QAT
Romania,RO,ROU
Russia,RS,RUS
Rwanda,RW,RWA
Saudi Arabia,SA,SAU
Sudan,SU,SDN
Senegal,SG,SEN
Singapore,SN,SGP
South Georgia and South Sandwich Islands,SX,SGS
Saint Helena Ascension and Tristan da Cunha,SH,SHN
Svalbard,SV,SJM
Solomon Islands,BP,SLB
Sierra Leone,SL,SLE
El Salvador,ES,SLV
San Marino,SM,SMR
Somalia,SO,SOM
Saint Pierre and Miquelon,SB,SPM
Serbia,RI,SRB
South Sudan,OD,SSD
Sao Tome and Principe,TP,STP
Suriname,NS,SUR
Slovakia,LO,SVK
Slovenia,SI,SVN
Sweden,SW,SWE
Eswatini,WZ,SWZ
Sint Maarten,NN,SXM
Seychelles,SE,SYC
Syria,SY,SYR
Turks and Caicos Islands,TK,TCA
Chad,CD,TCD
Togo,TO,TGO
Thailand,TH,THA
Tajikistan,TI,TJK
Tokelau,TL,TKL
Turkmenistan,TX,TKM
Timor-Leste,TT,TLS
Tonga,TN,TON
Trinidad and Tobago,TD,TTO
Tunisia,TS,TUN
Turkey,TU,TUR
Tuvalu,TV,TUV
Taiwan,TW,TWN
Tanzania,TZ,TZA
Uganda,UG,UGA
Ukraine,UP,UKR
Uruguay,UY,URY
United States,US,USA
Uzbekistan,UZ,UZB
Holy See (Vatican City),VT,VAT
Saint Vincent and the Grenadines,VC,VCT
Venezuela,VE,VEN
British Virgin Islands,VI,VGB
Virgin Islands,VQ,VIR
Vietnam,VM,VNM
Vanuatu,NH,VUT
Wallis and Futuna,WF,WLF
Samoa,WS,WSM
Yemen,YM,YEM
South Africa,SF,ZAF
Zambia,ZA,ZMB
Zimbabwe,ZI,ZWE
Kosovo,KV,RKS
